n,diameter,clustering
10,1,0.849288
50,2,0.266635
100,2,0.176145
1000,3,0.0361261
5000,4,0.00945435
10000,4,0.00571893
50000,4,0.00150573
100000,4,0.00084091
