n,diameter,clustering
10,1,0.29846
50,2,0.123937
100,3,0.073601
1000,3,0.0109637
5000,4,0.00271786
10000,4,0.00144574
50000,4,0.000350117
100000,4,0.000182991
